{"assets/images/img_1.svg":["assets/images/img_1.svg"],"assets/images/img_2.svg":["assets/images/img_2.svg"],"assets/images/img_3.svg":["assets/images/img_3.svg"],"assets/images/img_4.svg":["assets/images/img_4.svg"],"assets/images/img_5.svg":["assets/images/img_5.svg"],"assets/images/no-image.png":["assets/images/no-image.png"],"assets/images/placeholder.png":["assets/images/placeholder.png"],"assets/images/plate.png":["assets/images/plate.png"],"assets/logo/logo.png":["assets/logo/logo.png"],"packages/cupertino_icons/assets/CupertinoIcons.ttf":["packages/cupertino_icons/assets/CupertinoIcons.ttf"]}